{"cameraMode":{"drawMode":0,"name":"Shaded","section":"Shading Mode"},"sceneLighting":false,"audioPlay":false,"sceneViewState":{"m_AlwaysRefresh":false,"showFog":true,"showSkybox":false,"showFlares":true,"showImageEffects":true,"showParticleSystems":true,"showVisualEffectGraphs":true,"m_FxEnabled":true},"in2DMode":false,"pivot":{"x":-2.0094971656799318,"y":0.04896188899874687,"z":3.5796358585357668},"rotation":{"x":0.05658908188343048,"y":0.7909325957298279,"z":-0.6047844886779785,"w":0.0740107074379921},"size":5.068566799163818,"orthographic":false}